{"cameraMode":{"drawMode":0,"name":"Shaded","section":"Shading Mode"},"sceneLighting":true,"audioPlay":false,"sceneViewState":{"m_AlwaysRefresh":false,"showFog":true,"showSkybox":true,"showFlares":true,"showImageEffects":true,"showParticleSystems":true,"showVisualEffectGraphs":true,"m_FxEnabled":true},"in2DMode":false,"pivot":{"x":410.9946594238281,"y":5.617872714996338,"z":827.0028686523438},"rotation":{"x":0.00017448129074182361,"y":-0.9998886585235596,"z":-0.01018976978957653,"w":-0.012893389910459519},"size":2.8370330333709719,"orthographic":false}